{
	"schemaVersion": 1,
	"id": "seasonalsurvival",
	"version": "${version}",
	"name": "SeasonalSurvival",
	"description": "This is an example description! Tell everyone what your mod is about!",
	"authors": [
		"Me!"
	],
	"contact": {
		"homepage": "https://fabricmc.net/",
		"sources": "https://github.com/FabricMC/fabric-example-mod"
	},
	"license": "CC0-1.0",
	"icon": "assets/seasonalsurvival/icon.png",
	"environment": "*",
	"entrypoints": {
		"main": [
			"net.demomaker.seasonalsurvival.SeasonalSurvival"
		],
		"client": [
			"net.demomaker.seasonalsurvival.SeasonalSurvivalClient"
		],
		"fabric-datagen": [
			"net.demomaker.seasonalsurvival.SeasonalSurvivalDataGenerator"
		]
	},
	"mixins": [
		"seasonalsurvival.mixins.json",
		{
			"config": "seasonalsurvival.client.mixins.json",
			"environment": "client"
		}
	],
	"depends": {
		"fabricloader": ">=0.16.3",
		"minecraft": "~1.21.1",
		"java": ">=21",
		"fabric-api": "*"
	},
	"suggests": {
		"another-mod": "*"
	}
}